id,timestamp,sensor_id,temperature,humidity
209781,2025-10-25 16:40:22,DHT11_02,23.0,50.0
209783,2025-10-25 16:40:26,DHT11_02,23.0,53.0
209785,2025-10-25 16:40:29,DHT11_02,23.0,48.0
209787,2025-10-25 16:40:33,DHT11_02,23.0,49.0
209789,2025-10-25 16:40:36,DHT11_02,23.0,45.0
209791,2025-10-25 16:40:40,DHT11_02,23.0,44.0
209794,2025-10-25 16:40:46,DHT11_02,23.0,45.0
209796,2025-10-25 16:40:49,DHT11_02,23.0,48.0
209798,2025-10-25 16:40:53,DHT11_02,23.0,45.0
209800,2025-10-25 16:40:56,DHT11_02,23.0,43.0
209803,2025-10-25 16:41:03,DHT11_02,23.0,45.0
209805,2025-10-25 16:41:06,DHT11_02,23.0,45.0
209808,2025-10-25 16:41:12,DHT11_02,23.0,46.0
209810,2025-10-25 16:41:16,DHT11_02,23.0,41.0
209812,2025-10-25 16:41:19,DHT11_02,23.0,45.0
209814,2025-10-25 16:41:23,DHT11_02,23.0,44.0
209816,2025-10-25 16:41:26,DHT11_02,23.0,44.0
209818,2025-10-25 16:41:30,DHT11_02,23.0,46.0
209820,2025-10-25 16:41:33,DHT11_02,23.0,44.0
209822,2025-10-25 16:41:37,DHT11_02,23.0,46.0
209824,2025-10-25 16:41:40,DHT11_02,23.0,49.0
209826,2025-10-25 16:41:44,DHT11_02,23.0,44.0
209828,2025-10-25 16:41:47,DHT11_02,23.0,46.0
209830,2025-10-25 16:41:51,DHT11_02,23.0,45.0
209832,2025-10-25 16:41:54,DHT11_02,23.0,45.0
209834,2025-10-25 16:41:58,DHT11_02,23.0,44.0
209836,2025-10-25 16:42:02,DHT11_02,23.0,45.0
209838,2025-10-25 16:42:05,DHT11_02,23.0,46.0
209840,2025-10-25 16:42:09,DHT11_02,23.0,44.0
209842,2025-10-25 16:42:12,DHT11_02,23.0,46.0
209844,2025-10-25 16:42:16,DHT11_02,23.0,44.0
209846,2025-10-25 16:42:19,DHT11_02,23.0,42.0
209848,2025-10-25 16:42:23,DHT11_02,23.0,45.0
209851,2025-10-25 16:42:29,DHT11_02,23.0,44.0
209853,2025-10-25 16:42:32,DHT11_02,23.0,48.0
209855,2025-10-25 16:42:36,DHT11_02,23.0,48.0
209857,2025-10-25 16:42:42,DHT11_02,23.0,47.0
209859,2025-10-25 16:42:45,DHT11_02,23.0,45.0
209861,2025-10-25 16:42:49,DHT11_02,23.0,47.0
209863,2025-10-25 16:42:52,DHT11_02,23.0,56.0
209866,2025-10-25 16:42:58,DHT11_02,23.0,54.0
209868,2025-10-25 16:43:02,DHT11_02,23.0,61.0
209870,2025-10-25 16:43:05,DHT11_02,23.0,57.0
209872,2025-10-25 16:43:09,DHT11_02,22.0,62.0
209874,2025-10-25 16:43:13,DHT11_02,23.0,54.0
209876,2025-10-25 16:43:16,DHT11_02,23.0,50.0
209878,2025-10-25 16:43:20,DHT11_02,23.0,51.0
209880,2025-10-25 16:43:23,DHT11_02,23.0,61.0
209882,2025-10-25 16:43:29,DHT11_02,23.0,57.0
209884,2025-10-25 16:43:32,DHT11_02,23.0,56.0
209886,2025-10-25 16:43:36,DHT11_02,22.0,56.0
209888,2025-10-25 16:43:40,DHT11_02,23.0,48.0
209890,2025-10-25 16:43:43,DHT11_02,23.0,46.0
209892,2025-10-25 16:43:47,DHT11_02,23.0,44.0
209894,2025-10-25 16:43:50,DHT11_02,23.0,46.0
209896,2025-10-25 16:43:54,DHT11_02,23.0,45.0
209898,2025-10-25 16:43:57,DHT11_02,23.0,44.0
209900,2025-10-25 16:44:01,DHT11_02,23.0,49.0
209902,2025-10-25 16:44:04,DHT11_02,22.0,44.0
209904,2025-10-25 16:44:08,DHT11_02,23.0,45.0
209906,2025-10-25 16:44:11,DHT11_02,23.0,46.0
209908,2025-10-25 16:44:15,DHT11_02,23.0,47.0
209910,2025-10-25 16:44:18,DHT11_02,23.0,45.0
209912,2025-10-25 16:44:22,DHT11_02,23.0,45.0
209914,2025-10-25 16:44:25,DHT11_02,23.0,48.0
209916,2025-10-25 16:44:29,DHT11_02,23.0,48.0
209918,2025-10-25 16:44:32,DHT11_02,22.0,42.0
209920,2025-10-25 16:44:36,DHT11_02,23.0,42.0
209922,2025-10-25 16:44:39,DHT11_02,23.0,37.0
209924,2025-10-25 16:44:43,DHT11_02,23.0,44.0
209926,2025-10-25 16:44:47,DHT11_02,23.0,47.0
209928,2025-10-25 16:44:50,DHT11_02,23.0,45.0
209930,2025-10-25 16:44:54,DHT11_02,23.0,48.0
209932,2025-10-25 16:44:57,DHT11_02,23.0,47.0
209934,2025-10-25 16:45:01,DHT11_02,22.0,49.0
209936,2025-10-25 16:45:04,DHT11_02,23.0,49.0
209938,2025-10-25 16:45:08,DHT11_02,22.0,45.0
209940,2025-10-25 16:45:11,DHT11_02,22.0,47.0
209942,2025-10-25 16:45:15,DHT11_02,23.0,44.0
209944,2025-10-25 16:45:18,DHT11_02,23.0,47.0
209946,2025-10-25 16:45:22,DHT11_02,23.0,45.0
209948,2025-10-25 16:45:25,DHT11_02,22.0,45.0
209950,2025-10-25 16:45:29,DHT11_02,22.0,47.0
209952,2025-10-25 16:45:33,DHT11_02,22.0,47.0
209954,2025-10-25 16:45:36,DHT11_02,22.0,47.0
209956,2025-10-25 16:45:40,DHT11_02,22.0,45.0
209958,2025-10-25 16:45:43,DHT11_02,22.0,45.0
209960,2025-10-25 16:45:47,DHT11_02,23.0,41.0
209962,2025-10-25 16:45:50,DHT11_02,22.0,44.0
209964,2025-10-25 16:45:54,DHT11_02,22.0,46.0
209966,2025-10-25 16:45:57,DHT11_02,22.0,41.0
209968,2025-10-25 16:46:01,DHT11_02,22.0,42.0
209970,2025-10-25 16:46:04,DHT11_02,23.0,40.0
209972,2025-10-25 16:46:08,DHT11_02,23.0,45.0
209974,2025-10-25 16:46:11,DHT11_02,23.0,43.0
209976,2025-10-25 16:46:15,DHT11_02,23.0,48.0
209978,2025-10-25 16:46:18,DHT11_02,23.0,45.0
209980,2025-10-25 16:46:22,DHT11_02,22.0,46.0
209982,2025-10-25 16:46:25,DHT11_02,22.0,44.0
209984,2025-10-25 16:46:29,DHT11_02,22.0,46.0
209986,2025-10-25 16:46:32,DHT11_02,22.0,49.0
209988,2025-10-25 16:46:36,DHT11_02,22.0,48.0
209990,2025-10-25 16:46:39,DHT11_02,22.0,44.0
209992,2025-10-25 16:46:43,DHT11_02,23.0,46.0
209994,2025-10-25 16:46:49,DHT11_02,22.0,49.0
209996,2025-10-25 16:46:52,DHT11_02,22.0,44.0
209998,2025-10-25 16:46:56,DHT11_02,23.0,48.0
210000,2025-10-25 16:46:59,DHT11_02,23.0,45.0
210002,2025-10-25 16:47:03,DHT11_02,22.0,45.0
210004,2025-10-25 16:47:06,DHT11_02,22.0,48.0
210006,2025-10-25 16:47:10,DHT11_02,22.0,47.0
210008,2025-10-25 16:47:13,DHT11_02,22.0,45.0
210010,2025-10-25 16:47:17,DHT11_02,22.0,47.0
210012,2025-10-25 16:47:21,DHT11_02,22.0,45.0
210014,2025-10-25 16:47:24,DHT11_02,22.0,47.0
210016,2025-10-25 16:47:28,DHT11_02,22.0,42.0
210018,2025-10-25 16:47:31,DHT11_02,22.0,44.0
210020,2025-10-25 16:47:35,DHT11_02,22.0,45.0
210022,2025-10-25 16:47:38,DHT11_02,22.0,43.0
210024,2025-10-25 16:47:42,DHT11_02,23.0,40.0
210026,2025-10-25 16:47:45,DHT11_02,22.0,44.0
210028,2025-10-25 16:47:49,DHT11_02,22.0,46.0
210030,2025-10-25 16:47:52,DHT11_02,22.0,44.0
210032,2025-10-25 16:47:56,DHT11_02,22.0,45.0
210034,2025-10-25 16:47:59,DHT11_02,22.0,42.0
210036,2025-10-25 16:48:03,DHT11_02,22.0,44.0
210038,2025-10-25 16:48:07,DHT11_02,22.0,46.0
210040,2025-10-25 16:48:10,DHT11_02,22.0,47.0
210042,2025-10-25 16:48:14,DHT11_02,22.0,46.0
210044,2025-10-25 16:48:17,DHT11_02,22.0,47.0
210046,2025-10-25 16:48:21,DHT11_02,22.0,41.0
210048,2025-10-25 16:48:24,DHT11_02,22.0,45.0
210050,2025-10-25 16:48:28,DHT11_02,22.0,48.0
210052,2025-10-25 16:48:31,DHT11_02,22.0,45.0
210054,2025-10-25 16:48:35,DHT11_02,22.0,47.0
210056,2025-10-25 16:48:38,DHT11_02,22.0,45.0
210058,2025-10-25 16:48:42,DHT11_02,22.0,43.0
210060,2025-10-25 16:48:45,DHT11_02,22.0,46.0
210062,2025-10-25 16:48:49,DHT11_02,22.0,45.0
210064,2025-10-25 16:48:52,DHT11_02,22.0,45.0
210066,2025-10-25 16:48:56,DHT11_02,22.0,43.0
210068,2025-10-25 16:48:59,DHT11_02,22.0,44.0
210070,2025-10-25 16:49:03,DHT11_02,22.0,46.0
210073,2025-10-25 16:49:09,DHT11_02,22.0,55.0
210075,2025-10-25 16:49:13,DHT11_02,22.0,63.0
210077,2025-10-25 16:49:16,DHT11_02,22.0,62.0
210079,2025-10-25 16:49:20,DHT11_02,22.0,59.0
210081,2025-10-25 16:49:23,DHT11_02,22.0,46.0
210083,2025-10-25 16:49:27,DHT11_02,22.0,46.0
210085,2025-10-25 16:49:30,DHT11_02,22.0,42.0
210087,2025-10-25 16:49:34,DHT11_02,22.0,47.0
210089,2025-10-25 16:49:37,DHT11_02,22.0,46.0
210091,2025-10-25 16:49:41,DHT11_02,22.0,45.0
210093,2025-10-25 16:49:44,DHT11_02,22.0,48.0
210095,2025-10-25 16:49:48,DHT11_02,22.0,26.0
210098,2025-10-25 16:49:54,DHT11_02,22.0,36.0
210100,2025-10-25 16:49:57,DHT11_02,22.0,42.0
210102,2025-10-25 16:50:01,DHT11_02,22.0,45.0
210104,2025-10-25 16:50:05,DHT11_02,22.0,44.0
210106,2025-10-25 16:50:08,DHT11_02,22.0,48.0
210108,2025-10-25 16:50:12,DHT11_02,22.0,46.0
210110,2025-10-25 16:50:15,DHT11_02,22.0,51.0
210112,2025-10-25 16:50:19,DHT11_02,22.0,48.0
210114,2025-10-25 16:50:22,DHT11_02,22.0,47.0
210116,2025-10-25 16:50:26,DHT11_02,22.0,52.0
210118,2025-10-25 16:50:29,DHT11_02,22.0,46.0
210120,2025-10-25 16:50:33,DHT11_02,22.0,47.0
210122,2025-10-25 16:50:36,DHT11_02,22.0,46.0
210124,2025-10-25 16:50:40,DHT11_02,22.0,46.0
210126,2025-10-25 16:50:43,DHT11_02,23.0,46.0
210128,2025-10-25 16:50:49,DHT11_02,22.0,48.0
210131,2025-10-25 16:50:55,DHT11_02,22.0,44.0
210133,2025-10-25 16:50:59,DHT11_02,23.0,45.0
210135,2025-10-25 16:51:02,DHT11_02,22.0,49.0
210137,2025-10-25 16:51:06,DHT11_02,22.0,45.0
210139,2025-10-25 16:51:09,DHT11_02,23.0,44.0
210141,2025-10-25 16:51:15,DHT11_02,22.0,43.0
210143,2025-10-25 16:51:19,DHT11_02,22.0,45.0
210145,2025-10-25 16:51:22,DHT11_02,23.0,44.0
210147,2025-10-25 16:51:26,DHT11_02,23.0,43.0
210149,2025-10-25 16:51:29,DHT11_02,22.0,43.0
210151,2025-10-25 16:51:33,DHT11_02,23.0,43.0
210153,2025-10-25 16:51:36,DHT11_02,23.0,46.0
210155,2025-10-25 16:51:40,DHT11_02,23.0,43.0
210157,2025-10-25 16:51:43,DHT11_02,23.0,35.0
210159,2025-10-25 16:51:47,DHT11_02,23.0,36.0
210161,2025-10-25 16:51:50,DHT11_02,23.0,46.0
210163,2025-10-25 16:51:54,DHT11_02,23.0,48.0
210165,2025-10-25 16:51:57,DHT11_02,23.0,43.0
210167,2025-10-25 16:52:01,DHT11_02,23.0,55.0
210169,2025-10-25 16:52:04,DHT11_02,23.0,46.0
210171,2025-10-25 16:52:08,DHT11_02,23.0,56.0
210173,2025-10-25 16:52:11,DHT11_02,22.0,56.0
210175,2025-10-25 16:52:15,DHT11_02,23.0,45.0
210177,2025-10-25 16:52:18,DHT11_02,23.0,48.0
210179,2025-10-25 16:52:22,DHT11_02,23.0,48.0
210181,2025-10-25 16:52:26,DHT11_02,23.0,44.0
210183,2025-10-25 16:52:29,DHT11_02,23.0,40.0
210185,2025-10-25 16:52:33,DHT11_02,23.0,35.0
210187,2025-10-25 16:52:36,DHT11_02,23.0,40.0
210189,2025-10-25 16:52:40,DHT11_02,23.0,45.0
210191,2025-10-25 16:52:43,DHT11_02,22.0,45.0
210193,2025-10-25 16:52:47,DHT11_02,23.0,45.0
210195,2025-10-25 16:52:50,DHT11_02,22.0,46.0
210197,2025-10-25 16:52:54,DHT11_02,23.0,47.0
210199,2025-10-25 16:52:57,DHT11_02,22.0,45.0
210201,2025-10-25 16:53:01,DHT11_02,23.0,30.0
210203,2025-10-25 16:53:04,DHT11_02,22.0,44.0
210205,2025-10-25 16:53:08,DHT11_02,23.0,35.0
210208,2025-10-25 16:53:14,DHT11_02,22.0,49.0
210210,2025-10-25 16:53:17,DHT11_02,23.0,49.0
210212,2025-10-25 16:53:21,DHT11_02,22.0,44.0
210214,2025-10-25 16:53:24,DHT11_02,22.0,48.0
210216,2025-10-25 16:53:28,DHT11_02,23.0,48.0
210218,2025-10-25 16:53:32,DHT11_02,22.0,45.0
210220,2025-10-25 16:53:35,DHT11_02,22.0,46.0
210222,2025-10-25 16:53:39,DHT11_02,22.0,45.0
210224,2025-10-25 16:53:42,DHT11_02,22.0,48.0
210226,2025-10-25 16:53:46,DHT11_02,22.0,43.0
210228,2025-10-25 16:53:49,DHT11_02,22.0,45.0
210230,2025-10-25 16:53:53,DHT11_02,22.0,49.0
210232,2025-10-25 16:53:56,DHT11_02,22.0,47.0
210234,2025-10-25 16:54:00,DHT11_02,23.0,47.0
210236,2025-10-25 16:54:03,DHT11_02,22.0,46.0
210238,2025-10-25 16:54:07,DHT11_02,22.0,45.0
210240,2025-10-25 16:54:10,DHT11_02,22.0,49.0
210242,2025-10-25 16:54:14,DHT11_02,22.0,46.0
210244,2025-10-25 16:54:17,DHT11_02,22.0,47.0
210246,2025-10-25 16:54:21,DHT11_02,22.0,48.0
210248,2025-10-25 16:54:24,DHT11_02,22.0,51.0
210250,2025-10-25 16:54:28,DHT11_02,22.0,45.0
210252,2025-10-25 16:54:32,DHT11_02,22.0,48.0
210254,2025-10-25 16:54:35,DHT11_02,22.0,48.0
210256,2025-10-25 16:54:39,DHT11_02,22.0,46.0
210258,2025-10-25 16:54:42,DHT11_02,22.0,44.0
210260,2025-10-25 16:54:46,DHT11_02,22.0,41.0
210262,2025-10-25 16:54:49,DHT11_02,22.0,43.0
210264,2025-10-25 16:54:53,DHT11_02,22.0,47.0
210266,2025-10-25 16:54:56,DHT11_02,22.0,49.0
210268,2025-10-25 16:55:00,DHT11_02,22.0,48.0
210270,2025-10-25 16:55:03,DHT11_02,22.0,43.0
210272,2025-10-25 16:55:07,DHT11_02,22.0,44.0
210274,2025-10-25 16:55:10,DHT11_02,22.0,44.0
210276,2025-10-25 16:55:14,DHT11_02,22.0,46.0
210278,2025-10-25 16:55:17,DHT11_02,22.0,48.0
210280,2025-10-25 16:55:21,DHT11_02,22.0,50.0
210282,2025-10-25 16:55:24,DHT11_02,22.0,56.0
210284,2025-10-25 16:55:30,DHT11_02,22.0,45.0
210286,2025-10-25 16:55:34,DHT11_02,22.0,43.0
210288,2025-10-25 16:55:37,DHT11_02,22.0,46.0
210290,2025-10-25 16:55:41,DHT11_02,22.0,48.0
210292,2025-10-25 16:55:44,DHT11_02,22.0,47.0
210294,2025-10-25 16:55:48,DHT11_02,22.0,41.0
210296,2025-10-25 16:55:52,DHT11_02,22.0,46.0
210298,2025-10-25 16:55:55,DHT11_02,22.0,43.0
210300,2025-10-25 16:55:59,DHT11_02,22.0,56.0
210302,2025-10-25 16:56:02,DHT11_02,22.0,49.0
210304,2025-10-25 16:56:06,DHT11_02,22.0,42.0
210306,2025-10-25 16:56:09,DHT11_02,22.0,47.0
210308,2025-10-25 16:56:13,DHT11_02,22.0,45.0
210310,2025-10-25 16:56:16,DHT11_02,22.0,49.0
210312,2025-10-25 16:56:20,DHT11_02,22.0,41.0
210314,2025-10-25 16:56:23,DHT11_02,22.0,42.0
210316,2025-10-25 16:56:27,DHT11_02,22.0,45.0
210318,2025-10-25 16:56:30,DHT11_02,22.0,39.0
210320,2025-10-25 16:56:34,DHT11_02,22.0,47.0
210322,2025-10-25 16:56:37,DHT11_02,22.0,51.0
210324,2025-10-25 16:56:41,DHT11_02,22.0,45.0
210326,2025-10-25 16:56:44,DHT11_02,22.0,45.0
210328,2025-10-25 16:56:48,DHT11_02,22.0,46.0
210330,2025-10-25 16:56:52,DHT11_02,22.0,49.0
210332,2025-10-25 16:56:55,DHT11_02,22.0,45.0
210334,2025-10-25 16:56:59,DHT11_02,22.0,50.0
210336,2025-10-25 16:57:02,DHT11_02,22.0,46.0
210338,2025-10-25 16:57:06,DHT11_02,22.0,44.0
210340,2025-10-25 16:57:09,DHT11_02,22.0,46.0
210342,2025-10-25 16:57:13,DHT11_02,22.0,56.0
210344,2025-10-25 16:57:16,DHT11_02,22.0,45.0
210346,2025-10-25 16:57:20,DHT11_02,22.0,49.0
210348,2025-10-25 16:57:23,DHT11_02,22.0,48.0
210350,2025-10-25 16:57:29,DHT11_02,22.0,46.0
210352,2025-10-25 16:57:33,DHT11_02,22.0,53.0
210354,2025-10-25 16:57:36,DHT11_02,22.0,52.0
210356,2025-10-25 16:57:40,DHT11_02,22.0,50.0
210358,2025-10-25 16:57:43,DHT11_02,22.0,59.0
210360,2025-10-25 16:57:47,DHT11_02,22.0,61.0
210362,2025-10-25 16:57:50,DHT11_02,22.0,50.0
210364,2025-10-25 16:57:54,DHT11_02,22.0,50.0
210366,2025-10-25 16:57:57,DHT11_02,22.0,49.0
210368,2025-10-25 16:58:01,DHT11_02,22.0,46.0
210370,2025-10-25 16:58:04,DHT11_02,22.0,42.0
210372,2025-10-25 16:58:08,DHT11_02,22.0,49.0
210375,2025-10-25 16:58:14,DHT11_02,22.0,44.0
210377,2025-10-25 16:58:17,DHT11_02,22.0,45.0
210379,2025-10-25 16:58:21,DHT11_02,22.0,34.0
210381,2025-10-25 16:58:24,DHT11_02,22.0,46.0
210383,2025-10-25 16:58:28,DHT11_02,22.0,49.0
210385,2025-10-25 16:58:32,DHT11_02,22.0,47.0
210387,2025-10-25 16:58:35,DHT11_02,22.0,45.0
210389,2025-10-25 16:58:39,DHT11_02,22.0,47.0
210391,2025-10-25 16:58:42,DHT11_02,22.0,48.0
210393,2025-10-25 16:58:46,DHT11_02,22.0,32.0
210395,2025-10-25 16:58:49,DHT11_02,22.0,44.0
210397,2025-10-25 16:58:53,DHT11_02,22.0,45.0
210399,2025-10-25 16:58:56,DHT11_02,22.0,56.0
210401,2025-10-25 16:59:00,DHT11_02,22.0,51.0
210403,2025-10-25 16:59:03,DHT11_02,22.0,46.0
210405,2025-10-25 16:59:09,DHT11_02,22.0,45.0
210407,2025-10-25 16:59:13,DHT11_02,22.0,50.0
210409,2025-10-25 16:59:16,DHT11_02,22.0,49.0
210411,2025-10-25 16:59:20,DHT11_02,22.0,49.0
210413,2025-10-25 16:59:23,DHT11_02,22.0,46.0
210415,2025-10-25 16:59:27,DHT11_02,22.0,48.0
210417,2025-10-25 16:59:30,DHT11_02,22.0,47.0
210419,2025-10-25 16:59:34,DHT11_02,22.0,33.0
210421,2025-10-25 16:59:37,DHT11_02,22.0,45.0
210423,2025-10-25 16:59:41,DHT11_02,22.0,44.0
210425,2025-10-25 16:59:44,DHT11_02,22.0,47.0
210427,2025-10-25 16:59:48,DHT11_02,22.0,51.0
210430,2025-10-25 16:59:54,DHT11_02,22.0,45.0
210432,2025-10-25 16:59:57,DHT11_02,22.0,49.0
210434,2025-10-25 17:00:01,DHT11_02,22.0,43.0
210436,2025-10-25 17:00:05,DHT11_02,22.0,47.0
210438,2025-10-25 17:00:08,DHT11_02,22.0,44.0
210440,2025-10-25 17:00:12,DHT11_02,22.0,45.0
210442,2025-10-25 17:00:15,DHT11_02,22.0,46.0
210444,2025-10-25 17:00:19,DHT11_02,22.0,48.0
210446,2025-10-25 17:00:22,DHT11_02,22.0,49.0
210448,2025-10-25 17:00:26,DHT11_02,22.0,46.0
210450,2025-10-25 17:00:29,DHT11_02,22.0,48.0
210452,2025-10-25 17:00:33,DHT11_02,22.0,40.0
210454,2025-10-25 17:00:36,DHT11_02,22.0,39.0
210456,2025-10-25 17:00:40,DHT11_02,22.0,45.0
210458,2025-10-25 17:00:43,DHT11_02,22.0,37.0
210460,2025-10-25 17:00:47,DHT11_02,22.0,43.0
210462,2025-10-25 17:00:50,DHT11_02,22.0,41.0
210464,2025-10-25 17:00:54,DHT11_02,22.0,47.0
210466,2025-10-25 17:00:58,DHT11_02,22.0,45.0
210468,2025-10-25 17:01:01,DHT11_02,22.0,46.0
210470,2025-10-25 17:01:05,DHT11_02,22.0,46.0
210472,2025-10-25 17:01:08,DHT11_02,22.0,46.0
210474,2025-10-25 17:01:12,DHT11_02,22.0,45.0
210476,2025-10-25 17:01:15,DHT11_02,22.0,46.0
210478,2025-10-25 17:01:19,DHT11_02,22.0,49.0
210480,2025-10-25 17:01:22,DHT11_02,22.0,45.0
210482,2025-10-25 17:01:26,DHT11_02,22.0,57.0
210484,2025-10-25 17:01:29,DHT11_02,22.0,47.0
210486,2025-10-25 17:01:33,DHT11_02,22.0,46.0
210488,2025-10-25 17:01:36,DHT11_02,22.0,46.0
210490,2025-10-25 17:01:40,DHT11_02,22.0,50.0
210493,2025-10-25 17:01:46,DHT11_02,22.0,45.0
210495,2025-10-25 17:01:50,DHT11_02,22.0,49.0
210497,2025-10-25 17:01:53,DHT11_02,22.0,45.0
210500,2025-10-25 17:01:59,DHT11_02,22.0,48.0
210502,2025-10-25 17:02:03,DHT11_02,22.0,47.0
210504,2025-10-25 17:02:06,DHT11_02,22.0,45.0
210506,2025-10-25 17:02:10,DHT11_02,22.0,44.0
210508,2025-10-25 17:02:13,DHT11_02,22.0,57.0
210510,2025-10-25 17:02:17,DHT11_02,22.0,63.0
210512,2025-10-25 17:02:20,DHT11_02,22.0,59.0
210514,2025-10-25 17:02:24,DHT11_02,22.0,61.0
210516,2025-10-25 17:02:27,DHT11_02,22.0,16.0
210518,2025-10-25 17:02:31,DHT11_02,22.0,43.0
210520,2025-10-25 17:02:34,DHT11_02,22.0,46.0
210522,2025-10-25 17:02:38,DHT11_02,22.0,47.0
210524,2025-10-25 17:02:42,DHT11_02,22.0,56.0
210526,2025-10-25 17:02:45,DHT11_02,22.0,49.0
210528,2025-10-25 17:02:49,DHT11_02,22.0,49.0
210530,2025-10-25 17:02:52,DHT11_02,22.0,44.0
210532,2025-10-25 17:02:56,DHT11_02,22.0,43.0
210534,2025-10-25 17:02:59,DHT11_02,22.0,43.0
210536,2025-10-25 17:03:03,DHT11_02,22.0,43.0
210538,2025-10-25 17:03:06,DHT11_02,22.0,49.0
210540,2025-10-25 17:03:10,DHT11_02,22.0,48.0
210542,2025-10-25 17:03:13,DHT11_02,22.0,63.0
210544,2025-10-25 17:03:17,DHT11_02,22.0,57.0
210546,2025-10-25 17:03:20,DHT11_02,22.0,48.0
210548,2025-10-25 17:03:24,DHT11_02,22.0,48.0
210550,2025-10-25 17:03:27,DHT11_02,22.0,53.0
210552,2025-10-25 17:03:31,DHT11_02,22.0,62.0
210554,2025-10-25 17:03:34,DHT11_02,22.0,63.0
210556,2025-10-25 17:03:38,DHT11_02,22.0,62.0
210558,2025-10-25 17:03:42,DHT11_02,22.0,48.0
210560,2025-10-25 17:03:45,DHT11_02,22.0,41.0
210562,2025-10-25 17:03:49,DHT11_02,22.0,49.0
210564,2025-10-25 17:03:52,DHT11_02,22.0,46.0
210566,2025-10-25 17:03:56,DHT11_02,22.0,46.0
210568,2025-10-25 17:03:59,DHT11_02,22.0,33.0
210570,2025-10-25 17:04:03,DHT11_02,22.0,44.0
210572,2025-10-25 17:04:06,DHT11_02,22.0,49.0
210574,2025-10-25 17:04:12,DHT11_02,22.0,41.0
210576,2025-10-25 17:04:16,DHT11_02,22.0,45.0
210578,2025-10-25 17:04:19,DHT11_02,22.0,46.0
210580,2025-10-25 17:04:23,DHT11_02,22.0,46.0
210582,2025-10-25 17:04:26,DHT11_02,22.0,50.0
210584,2025-10-25 17:04:30,DHT11_02,22.0,48.0
210586,2025-10-25 17:04:33,DHT11_02,22.0,52.0
210588,2025-10-25 17:04:37,DHT11_02,22.0,62.0
210590,2025-10-25 17:04:40,DHT11_02,22.0,51.0
210592,2025-10-25 17:04:44,DHT11_02,22.0,50.0
210594,2025-10-25 17:04:47,DHT11_02,22.0,50.0
210596,2025-10-25 17:04:51,DHT11_02,22.0,60.0
210598,2025-10-25 17:04:54,DHT11_02,22.0,44.0
210600,2025-10-25 17:04:58,DHT11_02,22.0,42.0
210602,2025-10-25 17:05:01,DHT11_02,22.0,39.0
210604,2025-10-25 17:05:05,DHT11_02,22.0,48.0
210606,2025-10-25 17:05:08,DHT11_02,22.0,51.0
210608,2025-10-25 17:05:12,DHT11_02,22.0,43.0
210610,2025-10-25 17:05:16,DHT11_02,22.0,50.0
210612,2025-10-25 17:05:19,DHT11_02,22.0,46.0
210614,2025-10-25 17:05:23,DHT11_02,22.0,49.0
210616,2025-10-25 17:05:26,DHT11_02,22.0,46.0
210618,2025-10-25 17:05:30,DHT11_02,22.0,47.0
210620,2025-10-25 17:05:33,DHT11_02,22.0,45.0
210622,2025-10-25 17:05:37,DHT11_02,22.0,44.0
210624,2025-10-25 17:05:40,DHT11_02,22.0,47.0
210626,2025-10-25 17:05:44,DHT11_02,22.0,42.0
210628,2025-10-25 17:05:47,DHT11_02,22.0,44.0
210630,2025-10-25 17:05:51,DHT11_02,22.0,47.0
210632,2025-10-25 17:05:54,DHT11_02,22.0,46.0
210634,2025-10-25 17:05:58,DHT11_02,22.0,43.0
210636,2025-10-25 17:06:01,DHT11_02,22.0,47.0
210638,2025-10-25 17:06:05,DHT11_02,22.0,43.0
210640,2025-10-25 17:06:08,DHT11_02,22.0,43.0
210642,2025-10-25 17:06:12,DHT11_02,22.0,55.0
210644,2025-10-25 17:06:15,DHT11_02,22.0,45.0
210646,2025-10-25 17:06:19,DHT11_02,22.0,48.0
210648,2025-10-25 17:06:23,DHT11_02,22.0,47.0
210650,2025-10-25 17:06:26,DHT11_02,22.0,46.0
210652,2025-10-25 17:06:30,DHT11_02,22.0,48.0
210654,2025-10-25 17:06:33,DHT11_02,22.0,47.0
210656,2025-10-25 17:06:37,DHT11_02,22.0,51.0
210658,2025-10-25 17:06:40,DHT11_02,22.0,46.0
210660,2025-10-25 17:06:44,DHT11_02,22.0,46.0
210662,2025-10-25 17:06:47,DHT11_02,22.0,50.0
210664,2025-10-25 17:06:51,DHT11_02,22.0,48.0
210666,2025-10-25 17:06:54,DHT11_02,22.0,46.0
210668,2025-10-25 17:06:58,DHT11_02,22.0,52.0
210670,2025-10-25 17:07:01,DHT11_02,22.0,48.0
210672,2025-10-25 17:07:05,DHT11_02,22.0,45.0
210674,2025-10-25 17:07:08,DHT11_02,22.0,47.0
210676,2025-10-25 17:07:12,DHT11_02,22.0,49.0
210678,2025-10-25 17:07:15,DHT11_02,22.0,56.0
210680,2025-10-25 17:07:19,DHT11_02,22.0,53.0
210682,2025-10-25 17:07:23,DHT11_02,22.0,64.0
210684,2025-10-25 17:07:26,DHT11_02,22.0,49.0
210686,2025-10-25 17:07:30,DHT11_02,22.0,48.0
210688,2025-10-25 17:07:33,DHT11_02,22.0,49.0
210690,2025-10-25 17:07:37,DHT11_02,22.0,55.0
210692,2025-10-25 17:07:40,DHT11_02,22.0,43.0
210694,2025-10-25 17:07:44,DHT11_02,22.0,48.0
210696,2025-10-25 17:07:47,DHT11_02,22.0,50.0
210698,2025-10-25 17:07:51,DHT11_02,22.0,49.0
210700,2025-10-25 17:07:54,DHT11_02,22.0,48.0
210702,2025-10-25 17:07:58,DHT11_02,22.0,50.0
210704,2025-10-25 17:08:01,DHT11_02,22.0,48.0
210706,2025-10-25 17:08:05,DHT11_02,22.0,46.0
210708,2025-10-25 17:08:08,DHT11_02,22.0,41.0
210710,2025-10-25 17:08:12,DHT11_02,22.0,45.0
210713,2025-10-25 17:08:18,DHT11_02,22.0,46.0
210715,2025-10-25 17:08:21,DHT11_02,22.0,47.0
210717,2025-10-25 17:08:25,DHT11_02,22.0,51.0
210719,2025-10-25 17:08:28,DHT11_02,22.0,50.0
210721,2025-10-25 17:08:32,DHT11_02,22.0,48.0
210723,2025-10-25 17:08:36,DHT11_02,22.0,58.0
210725,2025-10-25 17:08:39,DHT11_02,22.0,60.0
210727,2025-10-25 17:08:43,DHT11_02,22.0,54.0
210729,2025-10-25 17:08:46,DHT11_02,22.0,50.0
210731,2025-10-25 17:08:50,DHT11_02,22.0,46.0
210733,2025-10-25 17:08:53,DHT11_02,22.0,49.0
210735,2025-10-25 17:08:57,DHT11_02,22.0,46.0
210737,2025-10-25 17:09:00,DHT11_02,22.0,39.0
210739,2025-10-25 17:09:04,DHT11_02,22.0,41.0
210741,2025-10-25 17:09:07,DHT11_02,22.0,38.0
210743,2025-10-25 17:09:11,DHT11_02,22.0,42.0
210745,2025-10-25 17:09:14,DHT11_02,22.0,34.0
210747,2025-10-25 17:09:18,DHT11_02,22.0,37.0
210749,2025-10-25 17:09:21,DHT11_02,22.0,49.0
210751,2025-10-25 17:09:25,DHT11_02,22.0,22.0
210753,2025-10-25 17:09:28,DHT11_02,22.0,38.0
210755,2025-10-25 17:09:32,DHT11_02,22.0,36.0
210758,2025-10-25 17:09:38,DHT11_02,22.0,48.0
210760,2025-10-25 17:09:42,DHT11_02,22.0,46.0
210762,2025-10-25 17:09:45,DHT11_02,22.0,45.0
210764,2025-10-25 17:09:49,DHT11_02,22.0,43.0
210766,2025-10-25 17:09:52,DHT11_02,22.0,56.0
210768,2025-10-25 17:09:58,DHT11_02,22.0,39.0
210770,2025-10-25 17:10:01,DHT11_02,22.0,63.0
210772,2025-10-25 17:10:05,DHT11_02,22.0,63.0
210774,2025-10-25 17:10:09,DHT11_02,22.0,50.0
210776,2025-10-25 17:10:12,DHT11_02,22.0,31.0
210779,2025-10-25 17:10:18,DHT11_02,22.0,16.0
210781,2025-10-25 17:10:22,DHT11_02,22.0,46.0
210783,2025-10-25 17:10:25,DHT11_02,22.0,17.0
210785,2025-10-25 17:10:29,DHT11_02,22.0,42.0
210787,2025-10-25 17:10:32,DHT11_02,22.0,17.0
210789,2025-10-25 17:10:36,DHT11_02,22.0,57.0
210791,2025-10-25 17:10:39,DHT11_02,22.0,51.0
210793,2025-10-25 17:10:43,DHT11_02,22.0,20.0
210795,2025-10-25 17:10:46,DHT11_02,22.0,49.0
210797,2025-10-25 17:10:50,DHT11_02,22.0,45.0
210799,2025-10-25 17:10:53,DHT11_02,22.0,46.0
210801,2025-10-25 17:10:57,DHT11_02,22.0,49.0
210803,2025-10-25 17:11:00,DHT11_02,22.0,43.0
210805,2025-10-25 17:11:04,DHT11_02,22.0,50.0
210807,2025-10-25 17:11:07,DHT11_02,22.0,50.0
210809,2025-10-25 17:11:13,DHT11_02,22.0,47.0
210811,2025-10-25 17:11:17,DHT11_02,22.0,45.0
210813,2025-10-25 17:11:20,DHT11_02,22.0,46.0
210815,2025-10-25 17:11:24,DHT11_02,22.0,47.0
210817,2025-10-25 17:11:27,DHT11_02,22.0,47.0
210819,2025-10-25 17:11:31,DHT11_02,22.0,62.0
210821,2025-10-25 17:11:34,DHT11_02,22.0,49.0
210823,2025-10-25 17:11:38,DHT11_02,22.0,50.0
210825,2025-10-25 17:11:41,DHT11_02,22.0,50.0
210827,2025-10-25 17:11:45,DHT11_02,22.0,49.0
210829,2025-10-25 17:11:48,DHT11_02,22.0,48.0
210831,2025-10-25 17:11:52,DHT11_02,22.0,49.0
210833,2025-10-25 17:11:56,DHT11_02,22.0,45.0
210835,2025-10-25 17:11:59,DHT11_02,22.0,47.0
210837,2025-10-25 17:12:03,DHT11_02,22.0,47.0
210839,2025-10-25 17:12:06,DHT11_02,22.0,49.0
210841,2025-10-25 17:12:10,DHT11_02,22.0,43.0
210843,2025-10-25 17:12:13,DHT11_02,22.0,45.0
210845,2025-10-25 17:12:17,DHT11_02,22.0,50.0
210847,2025-10-25 17:12:20,DHT11_02,22.0,51.0
210849,2025-10-25 17:12:24,DHT11_02,22.0,38.0
210851,2025-10-25 17:12:27,DHT11_02,22.0,48.0
210853,2025-10-25 17:12:31,DHT11_02,22.0,48.0
210855,2025-10-25 17:12:34,DHT11_02,22.0,41.0
210857,2025-10-25 17:12:40,DHT11_02,22.0,46.0
210859,2025-10-25 17:12:44,DHT11_02,22.0,41.0
210861,2025-10-25 17:12:47,DHT11_02,22.0,31.0
210863,2025-10-25 17:12:51,DHT11_02,22.0,45.0
210865,2025-10-25 17:12:54,DHT11_02,22.0,45.0
210867,2025-10-25 17:12:58,DHT11_02,22.0,50.0
210869,2025-10-25 17:13:01,DHT11_02,22.0,63.0
210871,2025-10-25 17:13:05,DHT11_02,22.0,50.0
210873,2025-10-25 17:13:08,DHT11_02,22.0,49.0
210875,2025-10-25 17:13:12,DHT11_02,22.0,48.0
210878,2025-10-25 17:13:18,DHT11_02,22.0,47.0
210880,2025-10-25 17:13:21,DHT11_02,22.0,50.0
210882,2025-10-25 17:13:25,DHT11_02,22.0,42.0
210884,2025-10-25 17:13:29,DHT11_02,22.0,46.0
210886,2025-10-25 17:13:32,DHT11_02,22.0,46.0
210888,2025-10-25 17:13:36,DHT11_02,22.0,48.0
210890,2025-10-25 17:13:39,DHT11_02,22.0,51.0
210892,2025-10-25 17:13:43,DHT11_02,22.0,46.0
210894,2025-10-25 17:13:46,DHT11_02,22.0,46.0
210896,2025-10-25 17:13:50,DHT11_02,22.0,46.0
210898,2025-10-25 17:13:53,DHT11_02,22.0,38.0
210900,2025-10-25 17:13:57,DHT11_02,22.0,43.0
210902,2025-10-25 17:14:00,DHT11_02,22.0,35.0
210904,2025-10-25 17:14:04,DHT11_02,22.0,44.0
210906,2025-10-25 17:14:07,DHT11_02,22.0,20.0
210908,2025-10-25 17:14:11,DHT11_02,22.0,42.0
210910,2025-10-25 17:14:14,DHT11_02,22.0,41.0
210912,2025-10-25 17:14:18,DHT11_02,22.0,45.0
210914,2025-10-25 17:14:21,DHT11_02,22.0,40.0
210916,2025-10-25 17:14:25,DHT11_02,22.0,45.0
210918,2025-10-25 17:14:28,DHT11_02,22.0,45.0
210920,2025-10-25 17:14:32,DHT11_02,22.0,45.0
210922,2025-10-25 17:14:36,DHT11_02,22.0,48.0
210924,2025-10-25 17:14:39,DHT11_02,22.0,45.0
210926,2025-10-25 17:14:43,DHT11_02,22.0,48.0
210928,2025-10-25 17:14:46,DHT11_02,22.0,55.0
210930,2025-10-25 17:14:50,DHT11_02,22.0,47.0
210932,2025-10-25 17:14:53,DHT11_02,22.0,50.0
210934,2025-10-25 17:14:57,DHT11_02,22.0,46.0
210936,2025-10-25 17:15:00,DHT11_02,22.0,48.0
210938,2025-10-25 17:15:04,DHT11_02,22.0,51.0
210940,2025-10-25 17:15:07,DHT11_02,22.0,49.0
210942,2025-10-25 17:15:11,DHT11_02,22.0,63.0
210944,2025-10-25 17:15:14,DHT11_02,22.0,45.0
210946,2025-10-25 17:15:18,DHT11_02,22.0,42.0
210948,2025-10-25 17:15:21,DHT11_02,22.0,47.0
210950,2025-10-25 17:15:25,DHT11_02,22.0,48.0
210952,2025-10-25 17:15:28,DHT11_02,22.0,49.0
210954,2025-10-25 17:15:32,DHT11_02,22.0,51.0
210956,2025-10-25 17:15:36,DHT11_02,22.0,56.0
210958,2025-10-25 17:15:39,DHT11_02,22.0,58.0
210960,2025-10-25 17:15:43,DHT11_02,22.0,58.0
210962,2025-10-25 17:15:46,DHT11_02,22.0,63.0
210964,2025-10-25 17:15:50,DHT11_02,22.0,47.0
210966,2025-10-25 17:15:53,DHT11_02,22.0,49.0
210969,2025-10-25 17:15:59,DHT11_02,22.0,50.0
210971,2025-10-25 17:16:03,DHT11_02,22.0,47.0
210973,2025-10-25 17:16:06,DHT11_02,22.0,46.0
210975,2025-10-25 17:16:10,DHT11_02,22.0,51.0
210977,2025-10-25 17:16:13,DHT11_02,22.0,46.0
210979,2025-10-25 17:16:17,DHT11_02,22.0,46.0
210981,2025-10-25 17:16:20,DHT11_02,22.0,49.0
210983,2025-10-25 17:16:24,DHT11_02,22.0,47.0
210985,2025-10-25 17:16:27,DHT11_02,22.0,51.0
210987,2025-10-25 17:16:31,DHT11_02,22.0,47.0
210989,2025-10-25 17:16:35,DHT11_02,22.0,49.0
210991,2025-10-25 17:16:38,DHT11_02,22.0,47.0
210993,2025-10-25 17:16:42,DHT11_02,22.0,63.0
210995,2025-10-25 17:16:45,DHT11_02,22.0,60.0
210997,2025-10-25 17:16:49,DHT11_02,22.0,60.0
210999,2025-10-25 17:16:52,DHT11_02,22.0,63.0
211001,2025-10-25 17:16:56,DHT11_02,22.0,63.0
211003,2025-10-25 17:16:59,DHT11_02,22.0,57.0
211005,2025-10-25 17:17:03,DHT11_02,22.0,62.0
211007,2025-10-25 17:17:06,DHT11_02,22.0,48.0
211009,2025-10-25 17:17:10,DHT11_02,22.0,58.0
211011,2025-10-25 17:17:13,DHT11_02,22.0,57.0
211013,2025-10-25 17:17:17,DHT11_02,22.0,47.0
211015,2025-10-25 17:17:20,DHT11_02,22.0,49.0
211017,2025-10-25 17:17:24,DHT11_02,22.0,50.0
211019,2025-10-25 17:17:27,DHT11_02,22.0,34.0
211021,2025-10-25 17:17:31,DHT11_02,22.0,44.0
211023,2025-10-25 17:17:34,DHT11_02,22.0,32.0
211025,2025-10-25 17:17:38,DHT11_02,22.0,20.0
211027,2025-10-25 17:17:42,DHT11_02,22.0,48.0
211029,2025-10-25 17:17:45,DHT11_02,22.0,17.0
211031,2025-10-25 17:17:49,DHT11_02,22.0,45.0
211033,2025-10-25 17:17:52,DHT11_02,22.0,43.0
211035,2025-10-25 17:17:56,DHT11_02,22.0,19.0
211037,2025-10-25 17:17:59,DHT11_02,22.0,18.0
211039,2025-10-25 17:18:03,DHT11_02,22.0,20.0
211041,2025-10-25 17:18:06,DHT11_02,22.0,49.0
211043,2025-10-25 17:18:10,DHT11_02,22.0,49.0
211045,2025-10-25 17:18:13,DHT11_02,22.0,48.0
211047,2025-10-25 17:18:17,DHT11_02,22.0,20.0
211049,2025-10-25 17:18:20,DHT11_02,22.0,17.0
211051,2025-10-25 17:18:24,DHT11_02,22.0,11.0
211053,2025-10-25 17:18:27,DHT11_02,22.0,14.0
211055,2025-10-25 17:18:31,DHT11_02,22.0,13.0
211057,2025-10-25 17:18:34,DHT11_02,22.0,22.0
211059,2025-10-25 17:18:38,DHT11_02,22.0,47.0
211061,2025-10-25 17:18:41,DHT11_02,22.0,37.0
211063,2025-10-25 17:18:45,DHT11_02,22.0,42.0
211065,2025-10-25 17:18:48,DHT11_02,22.0,41.0
211067,2025-10-25 17:18:52,DHT11_02,22.0,45.0
211070,2025-10-25 17:18:58,DHT11_02,22.0,19.0
211072,2025-10-25 17:19:02,DHT11_02,22.0,48.0
211074,2025-10-25 17:19:05,DHT11_02,22.0,47.0
211076,2025-10-25 17:19:09,DHT11_02,22.0,47.0
211078,2025-10-25 17:19:12,DHT11_02,22.0,13.0
211080,2025-10-25 17:19:16,DHT11_02,22.0,11.0
211082,2025-10-25 17:19:19,DHT11_02,22.0,45.0
211084,2025-10-25 17:19:23,DHT11_02,22.0,46.0
211086,2025-10-25 17:19:26,DHT11_02,22.0,57.0
211088,2025-10-25 17:19:30,DHT11_02,22.0,11.0
211090,2025-10-25 17:19:33,DHT11_02,22.0,62.0
211092,2025-10-25 17:19:37,DHT11_02,22.0,12.0
211094,2025-10-25 17:19:40,DHT11_02,22.0,49.0
211096,2025-10-25 17:19:44,DHT11_02,22.0,63.0
211098,2025-10-25 17:19:47,DHT11_02,22.0,50.0
211100,2025-10-25 17:19:51,DHT11_02,22.0,48.0
211102,2025-10-25 17:19:54,DHT11_02,22.0,41.0
211104,2025-10-25 17:19:58,DHT11_02,22.0,46.0
211106,2025-10-25 17:20:01,DHT11_02,22.0,51.0
211108,2025-10-25 17:20:05,DHT11_02,22.0,47.0
211110,2025-10-25 17:20:09,DHT11_02,22.0,11.0
211112,2025-10-25 17:20:12,DHT11_02,22.0,15.0
211114,2025-10-25 17:20:16,DHT11_02,22.0,47.0
211116,2025-10-25 17:20:19,DHT11_02,22.0,14.0
211118,2025-10-25 17:20:23,DHT11_02,22.0,47.0
211120,2025-10-25 17:20:26,DHT11_02,22.0,17.0
211122,2025-10-25 17:20:30,DHT11_02,22.0,45.0
211124,2025-10-25 17:20:33,DHT11_02,22.0,43.0
211126,2025-10-25 17:20:37,DHT11_02,22.0,15.0
211128,2025-10-25 17:20:40,DHT11_02,22.0,18.0
211130,2025-10-25 17:20:44,DHT11_02,22.0,48.0
211132,2025-10-25 17:20:47,DHT11_02,22.0,46.0
211134,2025-10-25 17:20:51,DHT11_02,22.0,46.0
211136,2025-10-25 17:20:54,DHT11_02,22.0,47.0
211138,2025-10-25 17:20:58,DHT11_02,22.0,62.0
211140,2025-10-25 17:21:01,DHT11_02,22.0,46.0
211142,2025-10-25 17:21:05,DHT11_02,22.0,55.0
211144,2025-10-25 17:21:08,DHT11_02,22.0,43.0
211146,2025-10-25 17:21:12,DHT11_02,22.0,47.0
211148,2025-10-25 17:21:16,DHT11_02,22.0,31.0
211150,2025-10-25 17:21:19,DHT11_02,22.0,42.0
211152,2025-10-25 17:21:23,DHT11_02,22.0,61.0
211154,2025-10-25 17:21:26,DHT11_02,22.0,45.0
211156,2025-10-25 17:21:30,DHT11_02,22.0,39.0
211158,2025-10-25 17:21:33,DHT11_02,22.0,41.0
211160,2025-10-25 17:21:37,DHT11_02,22.0,18.0
211162,2025-10-25 17:21:40,DHT11_02,22.0,32.0
211164,2025-10-25 17:21:44,DHT11_02,22.0,62.0
211166,2025-10-25 17:21:47,DHT11_02,22.0,44.0
211168,2025-10-25 17:21:51,DHT11_02,22.0,45.0
211170,2025-10-25 17:21:54,DHT11_02,22.0,34.0
211172,2025-10-25 17:21:58,DHT11_02,22.0,12.0
211174,2025-10-25 17:22:01,DHT11_02,22.0,34.0
211176,2025-10-25 17:22:05,DHT11_02,22.0,16.0
211178,2025-10-25 17:22:08,DHT11_02,22.0,62.0
211180,2025-10-25 17:22:12,DHT11_02,22.0,63.0
211182,2025-10-25 17:22:16,DHT11_02,22.0,20.0
211184,2025-10-25 17:22:19,DHT11_02,22.0,44.0
211186,2025-10-25 17:22:23,DHT11_02,22.0,50.0
211188,2025-10-25 17:22:26,DHT11_02,22.0,48.0
211190,2025-10-25 17:22:30,DHT11_02,22.0,49.0
211192,2025-10-25 17:22:33,DHT11_02,22.0,59.0
211194,2025-10-25 17:22:37,DHT11_02,22.0,48.0
211196,2025-10-25 17:22:40,DHT11_02,22.0,46.0
211198,2025-10-25 17:22:44,DHT11_02,22.0,47.0
211200,2025-10-25 17:22:47,DHT11_02,22.0,63.0
211202,2025-10-25 17:22:51,DHT11_02,22.0,42.0
211204,2025-10-25 17:22:54,DHT11_02,22.0,41.0
211206,2025-10-25 17:22:58,DHT11_02,22.0,49.0
211208,2025-10-25 17:23:01,DHT11_02,22.0,40.0
211210,2025-10-25 17:23:05,DHT11_02,22.0,46.0
211212,2025-10-25 17:23:08,DHT11_02,22.0,49.0
211214,2025-10-25 17:23:12,DHT11_02,22.0,48.0
211216,2025-10-25 17:23:16,DHT11_02,22.0,48.0
211218,2025-10-25 17:23:19,DHT11_02,22.0,63.0
211220,2025-10-25 17:23:23,DHT11_02,22.0,64.0
211222,2025-10-25 17:23:26,DHT11_02,22.0,64.0
211224,2025-10-25 17:23:30,DHT11_02,22.0,62.0
211226,2025-10-25 17:23:33,DHT11_02,22.0,63.0
211228,2025-10-25 17:23:37,DHT11_02,22.0,55.0
211230,2025-10-25 17:23:40,DHT11_02,22.0,63.0
211232,2025-10-25 17:23:44,DHT11_02,22.0,63.0
211234,2025-10-25 17:23:47,DHT11_02,22.0,63.0
211236,2025-10-25 17:23:51,DHT11_02,22.0,63.0
211238,2025-10-25 17:23:54,DHT11_02,22.0,62.0
211240,2025-10-25 17:23:58,DHT11_02,22.0,63.0
211242,2025-10-25 17:24:01,DHT11_02,22.0,63.0
211244,2025-10-25 17:24:05,DHT11_02,22.0,62.0
211246,2025-10-25 17:24:08,DHT11_02,22.0,56.0
211248,2025-10-25 17:24:12,DHT11_02,22.0,20.0
211250,2025-10-25 17:24:15,DHT11_02,22.0,44.0
211252,2025-10-25 17:24:19,DHT11_02,22.0,46.0
211254,2025-10-25 17:24:23,DHT11_02,22.0,46.0
211256,2025-10-25 17:24:26,DHT11_02,22.0,56.0
211258,2025-10-25 17:24:30,DHT11_02,22.0,43.0
211260,2025-10-25 17:24:33,DHT11_02,22.0,15.0
211262,2025-10-25 17:24:37,DHT11_02,22.0,17.0
211264,2025-10-25 17:24:40,DHT11_02,22.0,17.0
211266,2025-10-25 17:24:44,DHT11_02,22.0,48.0
211268,2025-10-25 17:24:47,DHT11_02,22.0,45.0
211270,2025-10-25 17:24:51,DHT11_02,22.0,49.0
211272,2025-10-25 17:24:54,DHT11_02,22.0,49.0
211274,2025-10-25 17:24:58,DHT11_02,22.0,47.0
211276,2025-10-25 17:25:01,DHT11_02,22.0,46.0
211278,2025-10-25 17:25:05,DHT11_02,22.0,48.0
211280,2025-10-25 17:25:08,DHT11_02,22.0,48.0
211282,2025-10-25 17:25:12,DHT11_02,22.0,45.0
211284,2025-10-25 17:25:15,DHT11_02,22.0,12.0
211286,2025-10-25 17:25:19,DHT11_02,22.0,45.0
211288,2025-10-25 17:25:22,DHT11_02,22.0,47.0
211290,2025-10-25 17:25:26,DHT11_02,22.0,36.0
211292,2025-10-25 17:25:29,DHT11_02,22.0,44.0
211294,2025-10-25 17:25:33,DHT11_02,22.0,44.0
211296,2025-10-25 17:25:37,DHT11_02,22.0,47.0
211298,2025-10-25 17:25:40,DHT11_02,22.0,48.0
211300,2025-10-25 17:25:44,DHT11_02,22.0,57.0
211302,2025-10-25 17:25:47,DHT11_02,22.0,62.0
211304,2025-10-25 17:25:51,DHT11_02,22.0,32.0
211306,2025-10-25 17:25:54,DHT11_02,22.0,50.0
211308,2025-10-25 17:25:58,DHT11_02,22.0,48.0
211310,2025-10-25 17:26:01,DHT11_02,22.0,42.0
211312,2025-10-25 17:26:05,DHT11_02,22.0,48.0
211314,2025-10-25 17:26:08,DHT11_02,22.0,62.0
211316,2025-10-25 17:26:12,DHT11_02,22.0,63.0
211318,2025-10-25 17:26:15,DHT11_02,22.0,49.0
211320,2025-10-25 17:26:19,DHT11_02,22.0,48.0
211322,2025-10-25 17:26:22,DHT11_02,22.0,62.0
211324,2025-10-25 17:26:26,DHT11_02,22.0,47.0
211326,2025-10-25 17:26:29,DHT11_02,22.0,46.0
211328,2025-10-25 17:26:33,DHT11_02,22.0,11.0
211330,2025-10-25 17:26:36,DHT11_02,22.0,11.0
211332,2025-10-25 17:26:42,DHT11_02,22.0,54.0
211334,2025-10-25 17:26:46,DHT11_02,22.0,49.0
211336,2025-10-25 17:26:49,DHT11_02,22.0,12.0
211338,2025-10-25 17:26:53,DHT11_02,22.0,11.0
211340,2025-10-25 17:26:56,DHT11_02,22.0,11.0
211342,2025-10-25 17:27:00,DHT11_02,22.0,14.0
211344,2025-10-25 17:27:03,DHT11_02,22.0,20.0
211346,2025-10-25 17:27:07,DHT11_02,22.0,42.0
211348,2025-10-25 17:27:10,DHT11_02,22.0,18.0
211350,2025-10-25 17:27:14,DHT11_02,22.0,63.0
211352,2025-10-25 17:27:17,DHT11_02,22.0,17.0
211354,2025-10-25 17:27:21,DHT11_02,22.0,80.0
211356,2025-10-25 17:27:25,DHT11_02,22.0,50.0
211358,2025-10-25 17:27:28,DHT11_02,22.0,56.0
211360,2025-10-25 17:27:32,DHT11_02,22.0,63.0
211362,2025-10-25 17:27:35,DHT11_02,22.0,58.0
211364,2025-10-25 17:27:39,DHT11_02,22.0,47.0
211366,2025-10-25 17:27:42,DHT11_02,22.0,55.0
211368,2025-10-25 17:27:46,DHT11_02,22.0,55.0
211370,2025-10-25 17:27:49,DHT11_02,22.0,53.0
211372,2025-10-25 17:27:53,DHT11_02,22.0,51.0
211374,2025-10-25 17:27:56,DHT11_02,22.0,58.0
211376,2025-10-25 17:28:00,DHT11_02,22.0,50.0
211378,2025-10-25 17:28:03,DHT11_02,22.0,51.0
211380,2025-10-25 17:28:07,DHT11_02,22.0,47.0
211383,2025-10-25 17:28:13,DHT11_02,22.0,46.0
211385,2025-10-25 17:28:16,DHT11_02,22.0,63.0
211387,2025-10-25 17:28:20,DHT11_02,22.0,47.0
211389,2025-10-25 17:28:23,DHT11_02,22.0,45.0
211391,2025-10-25 17:28:27,DHT11_02,22.0,63.0
211393,2025-10-25 17:28:30,DHT11_02,22.0,49.0
211395,2025-10-25 17:28:34,DHT11_02,22.0,11.0
211397,2025-10-25 17:28:37,DHT11_02,22.0,15.0
211399,2025-10-25 17:28:41,DHT11_02,22.0,32.0
211401,2025-10-25 17:28:45,DHT11_02,22.0,11.0
211403,2025-10-25 17:28:48,DHT11_02,22.0,11.0
211405,2025-10-25 17:28:52,DHT11_02,22.0,11.0
211407,2025-10-25 17:28:55,DHT11_02,22.0,63.0
211409,2025-10-25 17:28:59,DHT11_02,22.0,64.0
211411,2025-10-25 17:29:02,DHT11_02,22.0,65.0
211413,2025-10-25 17:29:06,DHT11_02,22.0,63.0
211415,2025-10-25 17:29:09,DHT11_02,22.0,62.0
211417,2025-10-25 17:29:13,DHT11_02,22.0,65.0
211419,2025-10-25 17:29:16,DHT11_02,22.0,65.0
211421,2025-10-25 17:29:20,DHT11_02,22.0,49.0
211423,2025-10-25 17:29:23,DHT11_02,22.0,62.0
211425,2025-10-25 17:29:27,DHT11_02,22.0,54.0
211427,2025-10-25 17:29:30,DHT11_02,22.0,58.0
211429,2025-10-25 17:29:34,DHT11_02,22.0,50.0
211431,2025-10-25 17:29:37,DHT11_02,22.0,57.0
211433,2025-10-25 17:29:41,DHT11_02,22.0,63.0
211435,2025-10-25 17:29:44,DHT11_02,22.0,57.0
211437,2025-10-25 17:29:50,DHT11_02,22.0,63.0
211439,2025-10-25 17:29:54,DHT11_02,22.0,59.0
211441,2025-10-25 17:29:57,DHT11_02,22.0,57.0
211443,2025-10-25 17:30:01,DHT11_02,22.0,61.0
211445,2025-10-25 17:30:04,DHT11_02,22.0,59.0
211447,2025-10-25 17:30:08,DHT11_02,22.0,61.0
211449,2025-10-25 17:30:11,DHT11_02,22.0,62.0
211451,2025-10-25 17:30:15,DHT11_02,22.0,65.0
211454,2025-10-25 17:30:21,DHT11_02,22.0,65.0
211456,2025-10-25 17:30:24,DHT11_02,22.0,64.0
211458,2025-10-25 17:30:28,DHT11_02,22.0,59.0
211460,2025-10-25 17:30:31,DHT11_02,22.0,48.0
211462,2025-10-25 17:30:35,DHT11_02,22.0,63.0
211464,2025-10-25 17:30:39,DHT11_02,22.0,64.0
211466,2025-10-25 17:30:42,DHT11_02,22.0,43.0
211469,2025-10-25 17:30:48,DHT11_02,22.0,64.0
211471,2025-10-25 17:30:52,DHT11_02,22.0,57.0
211473,2025-10-25 17:30:55,DHT11_02,22.0,63.0
211475,2025-10-25 17:30:59,DHT11_02,22.0,64.0
211477,2025-10-25 17:31:02,DHT11_02,22.0,63.0
211479,2025-10-25 17:31:06,DHT11_02,22.0,63.0
211481,2025-10-25 17:31:09,DHT11_02,22.0,62.0
211483,2025-10-25 17:31:13,DHT11_02,22.0,11.0
211485,2025-10-25 17:31:16,DHT11_02,22.0,11.0
211487,2025-10-25 17:31:20,DHT11_02,22.0,13.0
211489,2025-10-25 17:31:23,DHT11_02,22.0,45.0
211491,2025-10-25 17:31:27,DHT11_02,22.0,12.0
211493,2025-10-25 17:31:30,DHT11_02,22.0,13.0
211495,2025-10-25 17:31:34,DHT11_02,22.0,48.0
211497,2025-10-25 17:31:37,DHT11_02,22.0,11.0
211499,2025-10-25 17:31:41,DHT11_02,22.0,11.0
211501,2025-10-25 17:31:44,DHT11_02,22.0,64.0
211503,2025-10-25 17:31:48,DHT11_02,22.0,64.0
211505,2025-10-25 17:31:52,DHT11_02,22.0,64.0
211507,2025-10-25 17:31:55,DHT11_02,22.0,63.0
211509,2025-10-25 17:31:59,DHT11_02,22.0,64.0
211511,2025-10-25 17:32:02,DHT11_02,22.0,59.0
211513,2025-10-25 17:32:06,DHT11_02,22.0,45.0
211515,2025-10-25 17:32:09,DHT11_02,22.0,11.0
211517,2025-10-25 17:32:13,DHT11_02,22.0,56.0
211519,2025-10-25 17:32:16,DHT11_02,22.0,50.0
211521,2025-10-25 17:32:20,DHT11_02,22.0,11.0
211523,2025-10-25 17:32:23,DHT11_02,22.0,14.0
211525,2025-10-25 17:32:27,DHT11_02,22.0,46.0
211527,2025-10-25 17:32:30,DHT11_02,22.0,49.0
211529,2025-10-25 17:32:34,DHT11_02,22.0,12.0
211531,2025-10-25 17:32:37,DHT11_02,22.0,62.0
211533,2025-10-25 17:32:41,DHT11_02,22.0,48.0
211535,2025-10-25 17:32:44,DHT11_02,22.0,48.0
211537,2025-10-25 17:32:48,DHT11_02,22.0,11.0
211539,2025-10-25 17:32:51,DHT11_02,22.0,63.0
211541,2025-10-25 17:32:55,DHT11_02,22.0,48.0
211543,2025-10-25 17:32:58,DHT11_02,22.0,48.0
211545,2025-10-25 17:33:02,DHT11_02,22.0,49.0
211547,2025-10-25 17:33:06,DHT11_02,22.0,49.0
211549,2025-10-25 17:33:09,DHT11_02,22.0,46.0
211551,2025-10-25 17:33:13,DHT11_02,22.0,53.0
211553,2025-10-25 17:33:16,DHT11_02,22.0,13.0
211555,2025-10-25 17:33:20,DHT11_02,23.0,10.0
211557,2025-10-25 17:33:23,DHT11_02,23.0,11.0
211559,2025-10-25 17:33:27,DHT11_02,22.0,36.0
211561,2025-10-25 17:33:30,DHT11_02,22.0,11.0
211563,2025-10-25 17:33:34,DHT11_02,22.0,41.0
211565,2025-10-25 17:33:37,DHT11_02,22.0,65.0
211567,2025-10-25 17:33:41,DHT11_02,22.0,62.0
211569,2025-10-25 17:33:44,DHT11_02,22.0,62.0
211571,2025-10-25 17:33:48,DHT11_02,22.0,64.0
211573,2025-10-25 17:33:51,DHT11_02,22.0,56.0
211575,2025-10-25 17:33:55,DHT11_02,22.0,49.0
211577,2025-10-25 17:33:58,DHT11_02,22.0,48.0
211579,2025-10-25 17:34:02,DHT11_02,22.0,52.0
211582,2025-10-25 17:34:08,DHT11_02,22.0,59.0
211584,2025-10-25 17:34:12,DHT11_02,22.0,61.0
211586,2025-10-25 17:34:15,DHT11_02,22.0,49.0
211588,2025-10-25 17:34:19,DHT11_02,22.0,57.0
211590,2025-10-25 17:34:22,DHT11_02,22.0,50.0
211592,2025-10-25 17:34:26,DHT11_02,22.0,50.0
211594,2025-10-25 17:34:29,DHT11_02,22.0,46.0
211596,2025-10-25 17:34:33,DHT11_02,22.0,13.0
211598,2025-10-25 17:34:36,DHT11_02,22.0,62.0
211600,2025-10-25 17:34:40,DHT11_02,22.0,46.0
211602,2025-10-25 17:34:43,DHT11_02,22.0,17.0
211604,2025-10-25 17:34:47,DHT11_02,22.0,51.0
211606,2025-10-25 17:34:50,DHT11_02,22.0,63.0
211608,2025-10-25 17:34:54,DHT11_02,22.0,58.0
211610,2025-10-25 17:34:57,DHT11_02,22.0,63.0
211612,2025-10-25 17:35:01,DHT11_02,22.0,17.0
211614,2025-10-25 17:35:04,DHT11_02,22.0,11.0
211616,2025-10-25 17:35:08,DHT11_02,22.0,41.0
211619,2025-10-25 17:35:14,DHT11_02,22.0,11.0
211621,2025-10-25 17:35:18,DHT11_02,22.0,53.0
211623,2025-10-25 17:35:21,DHT11_02,22.0,56.0
211625,2025-10-25 17:35:25,DHT11_02,22.0,65.0
211627,2025-10-25 17:35:28,DHT11_02,22.0,64.0
211629,2025-10-25 17:35:32,DHT11_02,22.0,65.0
211631,2025-10-25 17:35:35,DHT11_02,22.0,65.0
211633,2025-10-25 17:35:39,DHT11_02,22.0,65.0
211635,2025-10-25 17:35:42,DHT11_02,22.0,62.0
211637,2025-10-25 17:35:46,DHT11_02,22.0,60.0
211639,2025-10-25 17:35:49,DHT11_02,22.0,65.0
211641,2025-10-25 17:36:00,DHT11_02,22.0,58.0
211643,2025-10-25 17:36:03,DHT11_02,22.0,56.0
211645,2025-10-25 17:36:07,DHT11_02,22.0,46.0
211647,2025-10-25 17:36:10,DHT11_02,22.0,11.0
211649,2025-10-25 17:36:14,DHT11_02,22.0,65.0
211651,2025-10-25 17:36:17,DHT11_02,22.0,62.0
211653,2025-10-25 17:36:21,DHT11_02,22.0,51.0
211655,2025-10-25 17:36:24,DHT11_02,22.0,19.0
211657,2025-10-25 17:36:28,DHT11_02,22.0,37.0
211659,2025-10-25 17:36:32,DHT11_02,22.0,42.0
211661,2025-10-25 17:36:35,DHT11_02,22.0,43.0
211663,2025-10-25 17:36:39,DHT11_02,22.0,44.0
211665,2025-10-25 17:36:42,DHT11_02,22.0,46.0
211667,2025-10-25 17:36:46,DHT11_02,22.0,46.0
211669,2025-10-25 17:36:49,DHT11_02,22.0,47.0
211671,2025-10-25 17:36:53,DHT11_02,22.0,49.0
211673,2025-10-25 17:36:56,DHT11_02,22.0,56.0
211675,2025-10-25 17:37:00,DHT11_02,22.0,48.0
211677,2025-10-25 17:37:03,DHT11_02,22.0,45.0
211679,2025-10-25 17:37:07,DHT11_02,22.0,55.0
211681,2025-10-25 17:37:10,DHT11_02,22.0,50.0
211683,2025-10-25 17:37:14,DHT11_02,22.0,47.0
211685,2025-10-25 17:37:17,DHT11_02,22.0,50.0
211687,2025-10-25 17:37:21,DHT11_02,22.0,63.0
211689,2025-10-25 17:37:24,DHT11_02,22.0,58.0
211691,2025-10-25 17:37:28,DHT11_02,22.0,48.0
211693,2025-10-25 17:37:32,DHT11_02,22.0,16.0
211695,2025-10-25 17:37:35,DHT11_02,22.0,65.0
211697,2025-10-25 17:37:39,DHT11_02,22.0,63.0
211699,2025-10-25 17:37:42,DHT11_02,22.0,64.0
211701,2025-10-25 17:37:46,DHT11_02,22.0,62.0
211703,2025-10-25 17:37:49,DHT11_02,22.0,62.0
211705,2025-10-25 17:37:53,DHT11_02,22.0,63.0
211707,2025-10-25 17:37:56,DHT11_02,22.0,63.0
211709,2025-10-25 17:38:00,DHT11_02,22.0,62.0
211711,2025-10-25 17:38:03,DHT11_02,22.0,63.0
211713,2025-10-25 17:38:07,DHT11_02,22.0,63.0
211715,2025-10-25 17:38:10,DHT11_02,22.0,63.0
211717,2025-10-25 17:38:14,DHT11_02,22.0,62.0
211719,2025-10-25 17:38:18,DHT11_02,22.0,62.0
